<environmentvariabledefinition schemaname="new_BaseUrl">
  <defaultvalue>https://sisclientweb-dev-900046.campusnexus.cloud</defaultvalue>
  <description default="Application Base Url ">
    <label description="Application Base Url " languagecode="1033" />
  </description>
  <displayname default="BaseUrl">
    <label description="BaseUrl" languagecode="1033" />
  </displayname>
  <introducedversion>1.0.0.0</introducedversion>
  <iscustomizable>1</iscustomizable>
  <isrequired>0</isrequired>
  <type>100000000</type>
</environmentvariabledefinition>