{"properties":{"connectionReferences":{"shared_approvals":{"runtimeSource":"embedded","connection":{"connectionReferenceLogicalName":"new_ApprovalReference"},"api":{"name":"shared_approvals"}},"shared_office365":{"runtimeSource":"embedded","connection":{"connectionReferenceLogicalName":"new_Office365OutlookconnectionRef"},"api":{"name":"shared_office365"}}},"definition":{"$schema":"https://schema.management.azure.com/providers/Microsoft.Logic/schemas/2016-06-01/workflowdefinition.json#","contentVersion":"1.0.0.0","parameters":{"$connections":{"defaultValue":{},"type":"Object"},"$authentication":{"defaultValue":{},"type":"SecureObject"},"ApiKey":{"defaultValue":"GrUkYsL0aAM8JmmD9sazowcC5tpnPAyFjID8cRNgXCekIIOpVLKXQbXfizbeiUej","type":"String","metadata":{"schemaName":"new_FwmApiKey","description":"API Key Guid"}},"BaseUrl":{"defaultValue":"https://sisclientweb-dev-900046.campusnexus.cloud","type":"String","metadata":{"schemaName":"new_BaseUrl","description":"Application Base Url "}}},"triggers":{"manual":{"type":"Request","kind":"Http","inputs":{}}},"actions":{"Parse_JSON":{"runAfter":{},"type":"ParseJson","inputs":{"content":"@triggerMultipartBody(1)","schema":{"type":"object","properties":{"ContractId":{"type":"integer"},"FileName":{"type":"string"},"DesignerEmail":{"type":"string"},"DesignerFullName":{"type":"string"}}}}},"Initialize_has_error":{"runAfter":{},"type":"InitializeVariable","inputs":{"variables":[{"name":"hasError","type":"boolean","value":"@false"}]}},"ScopeTry":{"actions":{"Post_Request_For_Contract_Status_Update_to_Pending_Approval":{"runAfter":{},"type":"Http","inputs":{"method":"POST","uri":"@{parameters('BaseUrl')}/api/faculty-workload-contract-management/contract-status","headers":{"ApiKey":"@parameters('ApiKey')"},"body":{"ContractId":"@{body('Parse_JSON')?['ContractId']}","ContractStatus":"PendingApproval"}}},"Start_and_wait_for_an_approval":{"runAfter":{"Post_Request_For_Contract_Status_Update_to_Pending_Approval":["Succeeded"]},"limit":{"timeout":"PT5M"},"type":"OpenApiConnectionWebhook","inputs":{"host":{"connectionName":"shared_approvals","operationId":"StartAndWaitForAnApproval","apiId":"/providers/Microsoft.PowerApps/apis/shared_approvals"},"parameters":{"approvalType":"BasicAwaitAll","WebhookApprovalCreationInput/title":"Kindly request you to approve","WebhookApprovalCreationInput/assignedTo":"Prithub@anthology.com;","WebhookApprovalCreationInput/details":"Dear Approver ,\nPlease find attached contract sent for your approval for contract Id:\n\nKindly do the need full. \n\nThanks & regards \n","WebhookApprovalCreationInput/enableNotifications":true,"WebhookApprovalCreationInput/enableReassignment":true,"WebhookApprovalCreationInput/attachments":[{"name":"@body('Parse_JSON')?['FileName']","content":"@base64ToBinary(triggerMultipartBody(0)['$Content'])"}]},"authentication":"@parameters('$authentication')"}},"Checking_Approval_Status":{"actions":{"Post_Request_For_Contract_Status_Update_to_Rejected":{"runAfter":{},"type":"Http","inputs":{"method":"POST","uri":"@{parameters('BaseUrl')}/api/faculty-workload-contract-management/contract-status","headers":{"ApiKey":"@parameters('ApiKey')"},"body":{"ContractId":"@{body('Parse_JSON')?['ContractId']}","ContractStatus":"Rejected"}}}},"runAfter":{"Start_and_wait_for_an_approval":["Succeeded"]},"else":{"actions":{"Is_Approved":{"actions":{"Post_Request_For_Contract_Status_Update_to_Approved":{"runAfter":{},"type":"Http","inputs":{"method":"POST","uri":"@{parameters('BaseUrl')}/api/faculty-workload-contract-management/contract-status","headers":{"ApiKey":"@parameters('ApiKey')"},"body":{"ContractId":"@{body('Parse_JSON')?['ContractId']}","ContractStatus":"Approved"}}}},"runAfter":{},"else":{"actions":{"Contract_Status_Update_to_Generated":{"runAfter":{},"type":"Http","inputs":{"method":"POST","uri":"@{parameters('BaseUrl')}/api/faculty-workload-contract-management/contract-status","headers":{"ApiKey":"@parameters('ApiKey')"},"body":{"ContractId":"@{body('Parse_JSON')?['ContractId']}","ContractStatus":"Generated"}}}}},"expression":{"equals":["@outputs('Start_and_wait_for_an_approval')?['body/outcome']","Approve"]},"type":"If"}}},"expression":{"equals":["@outputs('Start_and_wait_for_an_approval')?['body/outcome']","Reject"]},"type":"If"},"Apply_to_each":{"foreach":"@outputs('Start_and_wait_for_an_approval')?['body/responses']","actions":{"Send_Email_Notification":{"runAfter":{},"type":"OpenApiConnection","inputs":{"host":{"connectionName":"shared_office365","operationId":"SendEmailV2","apiId":"/providers/Microsoft.PowerApps/apis/shared_office365"},"parameters":{"emailMessage/To":"Prithub@anthology.com","emailMessage/Subject":"Contract Id: @{body('Parse_JSON')?['ContractId']}- @{items('Apply_to_each')?['approveResponse']}","emailMessage/Body":"<p>Hi ,<br>\n<br>\nYour Contract is @{items('Apply_to_each')?['approverResponse']}.<br>\n<br>\nComments from the approver @{items('Apply_to_each')?['responder/displayName']}:<br>\n<br>\n@{items('Apply_to_each')?['comments']}<br>\n<br>\n<br>\nThanks<br>\n@{items('Apply_to_each')?['responder/displayName']}<br>\n<br>\n</p>"},"authentication":"@parameters('$authentication')"}}},"runAfter":{"Checking_Approval_Status":["Succeeded"]},"type":"Foreach"}},"runAfter":{"Initialize_has_error":["Succeeded"],"Parse_JSON":["Succeeded"]},"type":"Scope"},"ScopeCatch":{"actions":{"Set_variable":{"runAfter":{},"type":"SetVariable","inputs":{"name":"hasError","value":"@true"}}},"runAfter":{"ScopeTry":["Succeeded"]},"type":"Scope"},"ScopeFinally":{"actions":{"Checking_hasError_Status":{"actions":{"Post_Request_For_Contract_Status_Update_to_Generated":{"runAfter":{},"type":"Http","inputs":{"method":"POST","uri":"@{parameters('BaseUrl')}/api/faculty-workload-contract-management/contract-status","headers":{"ApiKey":"@parameters('ApiKey')"},"body":{"ContractId":"@{body('Parse_JSON')?['ContractId']}","ContractStatus":"Generated"}}},"Send_Failure_Message_to_administrator":{"runAfter":{"Post_Request_For_Contract_Status_Update_to_Generated":["Succeeded"]},"type":"OpenApiConnection","inputs":{"host":{"connectionName":"shared_office365","operationId":"SendEmailV2","apiId":"/providers/Microsoft.PowerApps/apis/shared_office365"},"parameters":{"emailMessage/To":"Prithub@anthology.com;nirmalk@anthology.com","emailMessage/Subject":"Contract Approval flow failed","emailMessage/Body":"<p>Hi,<br>\nyour flow has failed.<br>\n<br>\n@{concat('https://us.flow.microsoft.com/manage/environments/',workflow()['tags']['environmentName'],'/flows/',   workflow()['name'],'/runs/',workflow()['run']['name'])}<br>\n<br>\nError Output:<br>\n<br>\n@{result('ScopeTry')}</p>"},"authentication":"@parameters('$authentication')"}}},"runAfter":{},"else":{"actions":{"Send_Success_Message_to_Administrator":{"runAfter":{},"type":"OpenApiConnection","inputs":{"host":{"connectionName":"shared_office365","operationId":"SendEmailV2","apiId":"/providers/Microsoft.PowerApps/apis/shared_office365"},"parameters":{"emailMessage/To":"Prithub@anthology.com;nirmalk@anthology.com","emailMessage/Subject":"Contract Approval flow: success","emailMessage/Body":"<p>Hi,<br>\nYour flow has success. you can find the run success detail by clicking on the url &nbsp;<br>\n<br>\n@{concat('https://us.flow.microsoft.com/manage/environments/',workflow()['tags']['environmentName'],'/flows/',   workflow()['name'],'/runs/',workflow()['run']['name'])}</p>"},"authentication":"@parameters('$authentication')"}}}},"expression":{"equals":["@variables('hasError')","@true"]},"type":"If"}},"runAfter":{"ScopeCatch":["Succeeded","Failed","Skipped","TimedOut"]},"type":"Scope"}},"outputs":{}}},"schemaVersion":"1.0.0.0"}